Membership_Start,Membership_End_Exclusive,Source_Ticker,Price_Ticker,Company_Name,GICS_Sector,Status_As_Of_2026_07_28,Derivation,Source_URL,Local_Price_Available,Local_Price_First_Date,Local_Price_Last_Date,Local_Price_Observations,Covers_Observed_Membership_Interval
2021-07-29,,AAPL,AAPL,Apple Inc,Information Technology,Current,Present in the 2026-07-28 S&P 100 constituent snapshot and retained when all subsequent official S&P 100 changes are reversed.,https://www.ishares.com/us/products/239723/ishares-s-p-100-etf/latest-holdings.csv,true,2021-07-29,2026-07-28,1254,true
2021-07-29,,ABBV,ABBV,Abbvie Inc,Health Care,Current,Present in the 2026-07-28 S&P 100 constituent snapshot and retained when all subsequent official S&P 100 changes are reversed.,https://www.ishares.com/us/products/239723/ishares-s-p-100-etf/latest-holdings.csv,true,2021-07-29,2026-07-28,1254,true
2021-07-29,,ABT,ABT,Abbott Laboratories,Health Care,Current,Present in the 2026-07-28 S&P 100 constituent snapshot and retained when all subsequent official S&P 100 changes are reversed.,https://www.ishares.com/us/products/239723/ishares-s-p-100-etf/latest-holdings.csv,true,2021-07-29,2026-07-28,1254,true
2021-07-29,,ACN,ACN,Accenture Plc Class A,Information Technology,Current,Present in the 2026-07-28 S&P 100 constituent snapshot and retained when all subsequent official S&P 100 changes are reversed.,https://www.ishares.com/us/products/239723/ishares-s-p-100-etf/latest-holdings.csv,true,2021-07-29,2026-07-28,1254,true
2021-07-29,,ADBE,ADBE,Adobe Inc,Information Technology,Current,Present in the 2026-07-28 S&P 100 constituent snapshot and retained when all subsequent official S&P 100 changes are reversed.,https://www.ishares.com/us/products/239723/ishares-s-p-100-etf/latest-holdings.csv,true,2021-07-29,2026-07-28,1254,true
2021-07-29,2026-03-23,AIG,AIG,American International Group,Financials,Historical_Deleted,Official S&P 100 deletion announcement.,https://press.spglobal.com/2026-03-06-Vertiv-Holdings%2C-Lumentum-Holdings%2C-Coherent%2C-and-EchoStar-Set-to-Join-S-P-500-Others-to-Join-S-P-100%2C-S-P-MidCap-400%2C-and-S-P-SmallCap-600,true,2021-07-29,2026-07-28,1254,true
2021-07-29,,AMGN,AMGN,Amgen Inc,Health Care,Current,Present in the 2026-07-28 S&P 100 constituent snapshot and retained when all subsequent official S&P 100 changes are reversed.,https://www.ishares.com/us/products/239723/ishares-s-p-100-etf/latest-holdings.csv,true,2021-07-29,2026-07-28,1254,true
2021-07-29,,AMT,AMT,American Tower Reit Corp,Real Estate,Current,Present in the 2026-07-28 S&P 100 constituent snapshot and retained when all subsequent official S&P 100 changes are reversed.,https://www.ishares.com/us/products/239723/ishares-s-p-100-etf/latest-holdings.csv,true,2021-07-29,2026-07-28,1254,true
2021-07-29,,AMZN,AMZN,Amazon.Com Inc,Consumer Discretionary,Current,Present in the 2026-07-28 S&P 100 constituent snapshot and retained when all subsequent official S&P 100 changes are reversed.,https://www.ishares.com/us/products/239723/ishares-s-p-100-etf/latest-holdings.csv,true,2021-07-29,2026-07-28,1254,true
2021-07-29,,AVGO,AVGO,Broadcom Inc,Information Technology,Current,Present in the 2026-07-28 S&P 100 constituent snapshot and retained when all subsequent official S&P 100 changes are reversed.,https://www.ishares.com/us/products/239723/ishares-s-p-100-etf/latest-holdings.csv,true,2021-07-29,2026-07-28,1254,true
2021-07-29,,AXP,AXP,American Express,Financials,Current,Present in the 2026-07-28 S&P 100 constituent snapshot and retained when all subsequent official S&P 100 changes are reversed.,https://www.ishares.com/us/products/239723/ishares-s-p-100-etf/latest-holdings.csv,true,2021-07-29,2026-07-28,1254,true
2021-07-29,,BA,BA,Boeing,Industrials,Current,Present in the 2026-07-28 S&P 100 constituent snapshot and retained when all subsequent official S&P 100 changes are reversed.,https://www.ishares.com/us/products/239723/ishares-s-p-100-etf/latest-holdings.csv,true,2021-07-29,2026-07-28,1254,true
2021-07-29,,BAC,BAC,Bank Of America Corp,Financials,Current,Present in the 2026-07-28 S&P 100 constituent snapshot and retained when all subsequent official S&P 100 changes are reversed.,https://www.ishares.com/us/products/239723/ishares-s-p-100-etf/latest-holdings.csv,true,2021-07-29,2026-07-28,1254,true
2021-07-29,2022-03-21,BIIB,BIIB,Biogen,Health Care,Historical_Deleted,Official S&P 100 deletion announcement.,https://press.spglobal.com/2022-03-04-Charles-Schwab-Set-to-Join-S-P-100-BellRing-Brands-to-Join-S-P-MidCap-400-Cerence-to-Join-S-P-SmallCap-600,true,2021-07-29,2026-07-28,1254,true
2021-07-29,,BKNG,BKNG,Booking Holdings Inc,Consumer Discretionary,Current,Present in the 2026-07-28 S&P 100 constituent snapshot and retained when all subsequent official S&P 100 changes are reversed.,https://www.ishares.com/us/products/239723/ishares-s-p-100-etf/latest-holdings.csv,true,2021-07-29,2026-07-28,1254,true
2021-07-29,,BLK,BLK,Blackrock Inc,Financials,Current,Present in the 2026-07-28 S&P 100 constituent snapshot and retained when all subsequent official S&P 100 changes are reversed.,https://www.ishares.com/us/products/239723/ishares-s-p-100-etf/latest-holdings.csv,true,2021-07-29,2026-07-28,1254,true
2021-07-29,,BMY,BMY,Bristol Myers Squibb,Health Care,Current,Present in the 2026-07-28 S&P 100 constituent snapshot and retained when all subsequent official S&P 100 changes are reversed.,https://www.ishares.com/us/products/239723/ishares-s-p-100-etf/latest-holdings.csv,true,2021-07-29,2026-07-28,1254,true
2021-07-29,,BNY,BNY,Bank Of New York Mellon Corp,Financials,Current,Present in the 2026-07-28 S&P 100 constituent snapshot and retained when all subsequent official S&P 100 changes are reversed.,https://www.ishares.com/us/products/239723/ishares-s-p-100-etf/latest-holdings.csv,true,2021-07-29,2026-07-28,1254,true
2021-07-29,,BRKB,BRK-B,Berkshire Hathaway Inc Class B,Financials,Current,Present in the 2026-07-28 S&P 100 constituent snapshot and retained when all subsequent official S&P 100 changes are reversed.,https://www.ishares.com/us/products/239723/ishares-s-p-100-etf/latest-holdings.csv,true,2021-07-29,2026-07-28,1254,true
2021-07-29,,C,C,Citigroup Inc,Financials,Current,Present in the 2026-07-28 S&P 100 constituent snapshot and retained when all subsequent official S&P 100 changes are reversed.,https://www.ishares.com/us/products/239723/ishares-s-p-100-etf/latest-holdings.csv,true,2021-07-29,2026-07-28,1254,true
2021-07-29,,CAT,CAT,Caterpillar Inc,Industrials,Current,Present in the 2026-07-28 S&P 100 constituent snapshot and retained when all subsequent official S&P 100 changes are reversed.,https://www.ishares.com/us/products/239723/ishares-s-p-100-etf/latest-holdings.csv,true,2021-07-29,2026-07-28,1254,true
2021-07-29,2025-09-22,CHTR,CHTR,Charter Communications,Communication Services,Historical_Deleted,Official S&P 100 deletion announcement.,https://press.spglobal.com/2025-09-05-AppLovin%2C-Robinhood-Markets-and-Emcor-Group-Set-to-Join-S-P-500-Others-to-Join-S-P-100%2C-S-P-MidCap-400-and-S-P-SmallCap-600,true,2021-07-29,2026-07-28,1254,true
2021-07-29,,CL,CL,Colgate-Palmolive,Consumer Staples,Current,Present in the 2026-07-28 S&P 100 constituent snapshot and retained when all subsequent official S&P 100 changes are reversed.,https://www.ishares.com/us/products/239723/ishares-s-p-100-etf/latest-holdings.csv,true,2021-07-29,2026-07-28,1254,true
2021-07-29,,CMCSA,CMCSA,Comcast Corp Class A,Communication,Current,Present in the 2026-07-28 S&P 100 constituent snapshot and retained when all subsequent official S&P 100 changes are reversed.,https://www.ishares.com/us/products/239723/ishares-s-p-100-etf/latest-holdings.csv,true,2021-07-29,2026-07-28,1254,true
2021-07-29,,COF,COF,Capital One Financial Corp,Financials,Current,Present in the 2026-07-28 S&P 100 constituent snapshot and retained when all subsequent official S&P 100 changes are reversed.,https://www.ishares.com/us/products/239723/ishares-s-p-100-etf/latest-holdings.csv,true,2021-07-29,2026-07-28,1254,true
2021-07-29,,COP,COP,Conocophillips,Energy,Current,Present in the 2026-07-28 S&P 100 constituent snapshot and retained when all subsequent official S&P 100 changes are reversed.,https://www.ishares.com/us/products/239723/ishares-s-p-100-etf/latest-holdings.csv,true,2021-07-29,2026-07-28,1254,true
2021-07-29,,COST,COST,Costco Wholesale Corp,Consumer Staples,Current,Present in the 2026-07-28 S&P 100 constituent snapshot and retained when all subsequent official S&P 100 changes are reversed.,https://www.ishares.com/us/products/239723/ishares-s-p-100-etf/latest-holdings.csv,true,2021-07-29,2026-07-28,1254,true
2021-07-29,,CRM,CRM,Salesforce Inc,Information Technology,Current,Present in the 2026-07-28 S&P 100 constituent snapshot and retained when all subsequent official S&P 100 changes are reversed.,https://www.ishares.com/us/products/239723/ishares-s-p-100-etf/latest-holdings.csv,true,2021-07-29,2026-07-28,1254,true
2021-07-29,,CSCO,CSCO,Cisco Systems Inc,Information Technology,Current,Present in the 2026-07-28 S&P 100 constituent snapshot and retained when all subsequent official S&P 100 changes are reversed.,https://www.ishares.com/us/products/239723/ishares-s-p-100-etf/latest-holdings.csv,true,2021-07-29,2026-07-28,1254,true
2021-07-29,,CVS,CVS,Cvs Health Corp,Health Care,Current,Present in the 2026-07-28 S&P 100 constituent snapshot and retained when all subsequent official S&P 100 changes are reversed.,https://www.ishares.com/us/products/239723/ishares-s-p-100-etf/latest-holdings.csv,true,2021-07-29,2026-07-28,1254,true
2021-07-29,,CVX,CVX,Chevron Corp,Energy,Current,Present in the 2026-07-28 S&P 100 constituent snapshot and retained when all subsequent official S&P 100 changes are reversed.,https://www.ishares.com/us/products/239723/ishares-s-p-100-etf/latest-holdings.csv,true,2021-07-29,2026-07-28,1254,true
2021-07-29,2022-09-19,DD,DD,DuPont de Nemours,Materials,Historical_Deleted,Official S&P 100 deletion announcement.,https://press.spglobal.com/2022-09-02-CoStar-Group%2C-Invitation-Homes-Set-to-Join-S-P-500-Others-to-Join-S-P-100%2C-S-P-MidCap-400%2C-and-S-P-SmallCap-600,true,2021-07-29,2026-07-28,1254,true
2021-07-29,,DHR,DHR,Danaher Corp,Health Care,Current,Present in the 2026-07-28 S&P 100 constituent snapshot and retained when all subsequent official S&P 100 changes are reversed.,https://www.ishares.com/us/products/239723/ishares-s-p-100-etf/latest-holdings.csv,true,2021-07-29,2026-07-28,1254,true
2021-07-29,,DIS,DIS,Walt Disney,Communication,Current,Present in the 2026-07-28 S&P 100 constituent snapshot and retained when all subsequent official S&P 100 changes are reversed.,https://www.ishares.com/us/products/239723/ishares-s-p-100-etf/latest-holdings.csv,true,2021-07-29,2026-07-28,1254,true
2021-07-29,2025-03-24,DOW,DOW,Dow,Materials,Historical_Deleted,Official S&P 100 deletion announcement.,https://press.spglobal.com/2025-03-07-DoorDash%2C-TKO-Group-Holdings%2C-Williams-Sonoma-and-Expand-Energy-Set-to-Join-S-P-500-Others-to-Join-S-P-100%2C-S-P-MidCap-400-and-S-P-SmallCap-600,true,2021-07-29,2026-07-28,1254,true
2021-07-29,,DUK,DUK,Duke Energy Corp,Utilities,Current,Present in the 2026-07-28 S&P 100 constituent snapshot and retained when all subsequent official S&P 100 changes are reversed.,https://www.ishares.com/us/products/239723/ishares-s-p-100-etf/latest-holdings.csv,true,2021-07-29,2026-07-28,1254,true
2021-07-29,,EMR,EMR,Emerson Electric,Industrials,Current,Present in the 2026-07-28 S&P 100 constituent snapshot and retained when all subsequent official S&P 100 changes are reversed.,https://www.ishares.com/us/products/239723/ishares-s-p-100-etf/latest-holdings.csv,true,2021-07-29,2026-07-28,1254,true
2021-07-29,2024-03-18,EXC,EXC,Exelon,Utilities,Historical_Deleted,Official S&P 100 deletion announcement.,https://press.spglobal.com/2024-03-01-Super-Micro-Computer-and-Deckers-Outdoor-Set-to-Join-S-P-500-Others-to-Join-S-P-100%2C-S-P-MidCap-400-and-S-P-SmallCap-600,true,2021-07-29,2026-07-28,1254,true
2021-07-29,2025-03-24,F,F,Ford Motor,Consumer Discretionary,Historical_Deleted,Official S&P 100 deletion announcement.,https://press.spglobal.com/2025-03-07-DoorDash%2C-TKO-Group-Holdings%2C-Williams-Sonoma-and-Expand-Energy-Set-to-Join-S-P-500-Others-to-Join-S-P-100%2C-S-P-MidCap-400-and-S-P-SmallCap-600,true,2021-07-29,2026-07-28,1254,true
2021-07-29,,FDX,FDX,Fedex Corp,Industrials,Current,Present in the 2026-07-28 S&P 100 constituent snapshot and retained when all subsequent official S&P 100 changes are reversed.,https://www.ishares.com/us/products/239723/ishares-s-p-100-etf/latest-holdings.csv,true,2021-07-29,2026-07-28,1254,true
2021-07-29,,GD,GD,General Dynamics Corp,Industrials,Current,Present in the 2026-07-28 S&P 100 constituent snapshot and retained when all subsequent official S&P 100 changes are reversed.,https://www.ishares.com/us/products/239723/ishares-s-p-100-etf/latest-holdings.csv,true,2021-07-29,2026-07-28,1254,true
2021-07-29,,GE,GE,Ge Aerospace,Industrials,Current,Present in the 2026-07-28 S&P 100 constituent snapshot and retained when all subsequent official S&P 100 changes are reversed.,https://www.ishares.com/us/products/239723/ishares-s-p-100-etf/latest-holdings.csv,true,2021-07-29,2026-07-28,1254,true
2021-07-29,,GILD,GILD,Gilead Sciences Inc,Health Care,Current,Present in the 2026-07-28 S&P 100 constituent snapshot and retained when all subsequent official S&P 100 changes are reversed.,https://www.ishares.com/us/products/239723/ishares-s-p-100-etf/latest-holdings.csv,true,2021-07-29,2026-07-28,1254,true
2021-07-29,,GM,GM,General Motors,Consumer Discretionary,Current,Present in the 2026-07-28 S&P 100 constituent snapshot and retained when all subsequent official S&P 100 changes are reversed.,https://www.ishares.com/us/products/239723/ishares-s-p-100-etf/latest-holdings.csv,true,2021-07-29,2026-07-28,1254,true
2021-07-29,,GOOGL,GOOGL,Alphabet Inc Class A,Communication,Current,Present in the 2026-07-28 S&P 100 constituent snapshot and retained when all subsequent official S&P 100 changes are reversed.,https://www.ishares.com/us/products/239723/ishares-s-p-100-etf/latest-holdings.csv,true,2021-07-29,2026-07-28,1254,true
2021-07-29,,GS,GS,Goldman Sachs Group Inc,Financials,Current,Present in the 2026-07-28 S&P 100 constituent snapshot and retained when all subsequent official S&P 100 changes are reversed.,https://www.ishares.com/us/products/239723/ishares-s-p-100-etf/latest-holdings.csv,true,2021-07-29,2026-07-28,1254,true
2021-07-29,,HD,HD,Home Depot Inc,Consumer Discretionary,Current,Present in the 2026-07-28 S&P 100 constituent snapshot and retained when all subsequent official S&P 100 changes are reversed.,https://www.ishares.com/us/products/239723/ishares-s-p-100-etf/latest-holdings.csv,true,2021-07-29,2026-07-28,1254,true
2021-07-29,2026-06-30,HON,HON,Honeywell International,Industrials,Historical_Deleted,Official S&P 100 deletion announcement.,https://press.spglobal.com/2026-06-23-Honeywell-Aerospace-Set-to-Join-S-P-500-S-P-100-Others-to-Join-S-P-MidCap-400-and-S-P-SmallCap-600,true,2021-07-29,2026-07-28,1254,true
2021-07-29,,IBM,IBM,International Business Machines Co,Information Technology,Current,Present in the 2026-07-28 S&P 100 constituent snapshot and retained when all subsequent official S&P 100 changes are reversed.,https://www.ishares.com/us/products/239723/ishares-s-p-100-etf/latest-holdings.csv,true,2021-07-29,2026-07-28,1254,true
2021-07-29,,INTC,INTC,Intel Corporation,Information Technology,Current,Present in the 2026-07-28 S&P 100 constituent snapshot and retained when all subsequent official S&P 100 changes are reversed.,https://www.ishares.com/us/products/239723/ishares-s-p-100-etf/latest-holdings.csv,true,2021-07-29,2026-07-28,1254,true
2021-07-29,,JNJ,JNJ,Johnson & Johnson,Health Care,Current,Present in the 2026-07-28 S&P 100 constituent snapshot and retained when all subsequent official S&P 100 changes are reversed.,https://www.ishares.com/us/products/239723/ishares-s-p-100-etf/latest-holdings.csv,true,2021-07-29,2026-07-28,1254,true
2021-07-29,,JPM,JPM,Jpmorgan Chase & Co,Financials,Current,Present in the 2026-07-28 S&P 100 constituent snapshot and retained when all subsequent official S&P 100 changes are reversed.,https://www.ishares.com/us/products/239723/ishares-s-p-100-etf/latest-holdings.csv,true,2021-07-29,2026-07-28,1254,true
2021-07-29,2025-03-24,KHC,KHC,Kraft Heinz,Consumer Staples,Historical_Deleted,Official S&P 100 deletion announcement.,https://press.spglobal.com/2025-03-07-DoorDash%2C-TKO-Group-Holdings%2C-Williams-Sonoma-and-Expand-Energy-Set-to-Join-S-P-500-Others-to-Join-S-P-100%2C-S-P-MidCap-400-and-S-P-SmallCap-600,true,2021-07-29,2026-07-28,1254,true
2021-07-29,,KO,KO,Coca-Cola,Consumer Staples,Current,Present in the 2026-07-28 S&P 100 constituent snapshot and retained when all subsequent official S&P 100 changes are reversed.,https://www.ishares.com/us/products/239723/ishares-s-p-100-etf/latest-holdings.csv,true,2021-07-29,2026-07-28,1254,true
2021-07-29,,LIN,LIN,Linde Plc,Materials,Current,Present in the 2026-07-28 S&P 100 constituent snapshot and retained when all subsequent official S&P 100 changes are reversed.,https://www.ishares.com/us/products/239723/ishares-s-p-100-etf/latest-holdings.csv,true,2021-07-29,2026-07-28,1254,true
2021-07-29,,LLY,LLY,Eli Lilly,Health Care,Current,Present in the 2026-07-28 S&P 100 constituent snapshot and retained when all subsequent official S&P 100 changes are reversed.,https://www.ishares.com/us/products/239723/ishares-s-p-100-etf/latest-holdings.csv,true,2021-07-29,2026-07-28,1254,true
2021-07-29,,LMT,LMT,Lockheed Martin Corp,Industrials,Current,Present in the 2026-07-28 S&P 100 constituent snapshot and retained when all subsequent official S&P 100 changes are reversed.,https://www.ishares.com/us/products/239723/ishares-s-p-100-etf/latest-holdings.csv,true,2021-07-29,2026-07-28,1254,true
2021-07-29,,LOW,LOW,Lowes Companies Inc,Consumer Discretionary,Current,Present in the 2026-07-28 S&P 100 constituent snapshot and retained when all subsequent official S&P 100 changes are reversed.,https://www.ishares.com/us/products/239723/ishares-s-p-100-etf/latest-holdings.csv,true,2021-07-29,2026-07-28,1254,true
2021-07-29,,MA,MA,Mastercard Inc Class A,Financials,Current,Present in the 2026-07-28 S&P 100 constituent snapshot and retained when all subsequent official S&P 100 changes are reversed.,https://www.ishares.com/us/products/239723/ishares-s-p-100-etf/latest-holdings.csv,true,2021-07-29,2026-07-28,1254,true
2021-07-29,,MCD,MCD,Mcdonalds Corp,Consumer Discretionary,Current,Present in the 2026-07-28 S&P 100 constituent snapshot and retained when all subsequent official S&P 100 changes are reversed.,https://www.ishares.com/us/products/239723/ishares-s-p-100-etf/latest-holdings.csv,true,2021-07-29,2026-07-28,1254,true
2021-07-29,,MDLZ,MDLZ,Mondelez International Inc Class A,Consumer Staples,Current,Present in the 2026-07-28 S&P 100 constituent snapshot and retained when all subsequent official S&P 100 changes are reversed.,https://www.ishares.com/us/products/239723/ishares-s-p-100-etf/latest-holdings.csv,true,2021-07-29,2026-07-28,1254,true
2021-07-29,,MDT,MDT,Medtronic Plc,Health Care,Current,Present in the 2026-07-28 S&P 100 constituent snapshot and retained when all subsequent official S&P 100 changes are reversed.,https://www.ishares.com/us/products/239723/ishares-s-p-100-etf/latest-holdings.csv,true,2021-07-29,2026-07-28,1254,true
2021-07-29,2026-03-23,MET,MET,MetLife,Financials,Historical_Deleted,Official S&P 100 deletion announcement.,https://press.spglobal.com/2026-03-06-Vertiv-Holdings%2C-Lumentum-Holdings%2C-Coherent%2C-and-EchoStar-Set-to-Join-S-P-500-Others-to-Join-S-P-100%2C-S-P-MidCap-400%2C-and-S-P-SmallCap-600,true,2021-07-29,2026-07-28,1254,true
2021-07-29,,META,META,Meta Platforms Inc Class A,Communication,Current,Present in the 2026-07-28 S&P 100 constituent snapshot and retained when all subsequent official S&P 100 changes are reversed.,https://www.ishares.com/us/products/239723/ishares-s-p-100-etf/latest-holdings.csv,true,2021-07-29,2026-07-28,1254,true
2021-07-29,,MMM,MMM,3M,Industrials,Current,Present in the 2026-07-28 S&P 100 constituent snapshot and retained when all subsequent official S&P 100 changes are reversed.,https://www.ishares.com/us/products/239723/ishares-s-p-100-etf/latest-holdings.csv,true,2021-07-29,2026-07-28,1254,true
2021-07-29,,MO,MO,Altria Group Inc,Consumer Staples,Current,Present in the 2026-07-28 S&P 100 constituent snapshot and retained when all subsequent official S&P 100 changes are reversed.,https://www.ishares.com/us/products/239723/ishares-s-p-100-etf/latest-holdings.csv,true,2021-07-29,2026-07-28,1254,true
2021-07-29,,MRK,MRK,Merck & Co Inc,Health Care,Current,Present in the 2026-07-28 S&P 100 constituent snapshot and retained when all subsequent official S&P 100 changes are reversed.,https://www.ishares.com/us/products/239723/ishares-s-p-100-etf/latest-holdings.csv,true,2021-07-29,2026-07-28,1254,true
2021-07-29,,MS,MS,Morgan Stanley,Financials,Current,Present in the 2026-07-28 S&P 100 constituent snapshot and retained when all subsequent official S&P 100 changes are reversed.,https://www.ishares.com/us/products/239723/ishares-s-p-100-etf/latest-holdings.csv,true,2021-07-29,2026-07-28,1254,true
2021-07-29,,MSFT,MSFT,Microsoft Corp,Information Technology,Current,Present in the 2026-07-28 S&P 100 constituent snapshot and retained when all subsequent official S&P 100 changes are reversed.,https://www.ishares.com/us/products/239723/ishares-s-p-100-etf/latest-holdings.csv,true,2021-07-29,2026-07-28,1254,true
2021-07-29,,NEE,NEE,Nextera Energy Inc,Utilities,Current,Present in the 2026-07-28 S&P 100 constituent snapshot and retained when all subsequent official S&P 100 changes are reversed.,https://www.ishares.com/us/products/239723/ishares-s-p-100-etf/latest-holdings.csv,true,2021-07-29,2026-07-28,1254,true
2021-07-29,,NFLX,NFLX,Netflix Inc,Communication,Current,Present in the 2026-07-28 S&P 100 constituent snapshot and retained when all subsequent official S&P 100 changes are reversed.,https://www.ishares.com/us/products/239723/ishares-s-p-100-etf/latest-holdings.csv,true,2021-07-29,2026-07-28,1254,true
2021-07-29,,NKE,NKE,Nike Inc Class B,Consumer Discretionary,Current,Present in the 2026-07-28 S&P 100 constituent snapshot and retained when all subsequent official S&P 100 changes are reversed.,https://www.ishares.com/us/products/239723/ishares-s-p-100-etf/latest-holdings.csv,true,2021-07-29,2026-07-28,1254,true
2021-07-29,,NVDA,NVDA,Nvidia Corp,Information Technology,Current,Present in the 2026-07-28 S&P 100 constituent snapshot and retained when all subsequent official S&P 100 changes are reversed.,https://www.ishares.com/us/products/239723/ishares-s-p-100-etf/latest-holdings.csv,true,2021-07-29,2026-07-28,1254,true
2021-07-29,,ORCL,ORCL,Oracle Corp,Information Technology,Current,Present in the 2026-07-28 S&P 100 constituent snapshot and retained when all subsequent official S&P 100 changes are reversed.,https://www.ishares.com/us/products/239723/ishares-s-p-100-etf/latest-holdings.csv,true,2021-07-29,2026-07-28,1254,true
2021-07-29,,PEP,PEP,Pepsico Inc,Consumer Staples,Current,Present in the 2026-07-28 S&P 100 constituent snapshot and retained when all subsequent official S&P 100 changes are reversed.,https://www.ishares.com/us/products/239723/ishares-s-p-100-etf/latest-holdings.csv,true,2021-07-29,2026-07-28,1254,true
2021-07-29,,PFE,PFE,Pfizer Inc,Health Care,Current,Present in the 2026-07-28 S&P 100 constituent snapshot and retained when all subsequent official S&P 100 changes are reversed.,https://www.ishares.com/us/products/239723/ishares-s-p-100-etf/latest-holdings.csv,true,2021-07-29,2026-07-28,1254,true
2021-07-29,,PG,PG,Procter & Gamble,Consumer Staples,Current,Present in the 2026-07-28 S&P 100 constituent snapshot and retained when all subsequent official S&P 100 changes are reversed.,https://www.ishares.com/us/products/239723/ishares-s-p-100-etf/latest-holdings.csv,true,2021-07-29,2026-07-28,1254,true
2021-07-29,,PM,PM,Philip Morris International Inc,Consumer Staples,Current,Present in the 2026-07-28 S&P 100 constituent snapshot and retained when all subsequent official S&P 100 changes are reversed.,https://www.ishares.com/us/products/239723/ishares-s-p-100-etf/latest-holdings.csv,true,2021-07-29,2026-07-28,1254,true
2021-07-29,2026-03-23,PYPL,PYPL,PayPal Holdings,Financials,Historical_Deleted,Official S&P 100 deletion announcement.,https://press.spglobal.com/2026-03-06-Vertiv-Holdings%2C-Lumentum-Holdings%2C-Coherent%2C-and-EchoStar-Set-to-Join-S-P-500-Others-to-Join-S-P-100%2C-S-P-MidCap-400%2C-and-S-P-SmallCap-600,true,2021-07-29,2026-07-28,1254,true
2021-07-29,,QCOM,QCOM,Qualcomm Inc,Information Technology,Current,Present in the 2026-07-28 S&P 100 constituent snapshot and retained when all subsequent official S&P 100 changes are reversed.,https://www.ishares.com/us/products/239723/ishares-s-p-100-etf/latest-holdings.csv,true,2021-07-29,2026-07-28,1254,true
2021-07-29,,RTX,RTX,Rtx Corp,Industrials,Current,Present in the 2026-07-28 S&P 100 constituent snapshot and retained when all subsequent official S&P 100 changes are reversed.,https://www.ishares.com/us/products/239723/ishares-s-p-100-etf/latest-holdings.csv,true,2021-07-29,2026-07-28,1254,true
2021-07-29,,SBUX,SBUX,Starbucks Corp,Consumer Discretionary,Current,Present in the 2026-07-28 S&P 100 constituent snapshot and retained when all subsequent official S&P 100 changes are reversed.,https://www.ishares.com/us/products/239723/ishares-s-p-100-etf/latest-holdings.csv,true,2021-07-29,2026-07-28,1254,true
2021-07-29,,SO,SO,Southern,Utilities,Current,Present in the 2026-07-28 S&P 100 constituent snapshot and retained when all subsequent official S&P 100 changes are reversed.,https://www.ishares.com/us/products/239723/ishares-s-p-100-etf/latest-holdings.csv,true,2021-07-29,2026-07-28,1254,true
2021-07-29,,SPG,SPG,Simon Property Group Reit Inc,Real Estate,Current,Present in the 2026-07-28 S&P 100 constituent snapshot and retained when all subsequent official S&P 100 changes are reversed.,https://www.ishares.com/us/products/239723/ishares-s-p-100-etf/latest-holdings.csv,true,2021-07-29,2026-07-28,1254,true
2021-07-29,,T,T,At&T Inc,Communication,Current,Present in the 2026-07-28 S&P 100 constituent snapshot and retained when all subsequent official S&P 100 changes are reversed.,https://www.ishares.com/us/products/239723/ishares-s-p-100-etf/latest-holdings.csv,true,2021-07-29,2026-07-28,1254,true
2021-07-29,2026-03-23,TGT,TGT,Target,Consumer Staples,Historical_Deleted,Official S&P 100 deletion announcement.,https://press.spglobal.com/2026-03-06-Vertiv-Holdings%2C-Lumentum-Holdings%2C-Coherent%2C-and-EchoStar-Set-to-Join-S-P-500-Others-to-Join-S-P-100%2C-S-P-MidCap-400%2C-and-S-P-SmallCap-600,true,2021-07-29,2026-07-28,1254,true
2021-07-29,,TMO,TMO,Thermo Fisher Scientific Inc,Health Care,Current,Present in the 2026-07-28 S&P 100 constituent snapshot and retained when all subsequent official S&P 100 changes are reversed.,https://www.ishares.com/us/products/239723/ishares-s-p-100-etf/latest-holdings.csv,true,2021-07-29,2026-07-28,1254,true
2021-07-29,,TMUS,TMUS,T Mobile Us Inc,Communication,Current,Present in the 2026-07-28 S&P 100 constituent snapshot and retained when all subsequent official S&P 100 changes are reversed.,https://www.ishares.com/us/products/239723/ishares-s-p-100-etf/latest-holdings.csv,true,2021-07-29,2026-07-28,1254,true
2021-07-29,,TSLA,TSLA,Tesla Inc,Consumer Discretionary,Current,Present in the 2026-07-28 S&P 100 constituent snapshot and retained when all subsequent official S&P 100 changes are reversed.,https://www.ishares.com/us/products/239723/ishares-s-p-100-etf/latest-holdings.csv,true,2021-07-29,2026-07-28,1254,true
2021-07-29,,TXN,TXN,Texas Instrument Inc,Information Technology,Current,Present in the 2026-07-28 S&P 100 constituent snapshot and retained when all subsequent official S&P 100 changes are reversed.,https://www.ishares.com/us/products/239723/ishares-s-p-100-etf/latest-holdings.csv,true,2021-07-29,2026-07-28,1254,true
2021-07-29,,UNH,UNH,Unitedhealth Group Inc,Health Care,Current,Present in the 2026-07-28 S&P 100 constituent snapshot and retained when all subsequent official S&P 100 changes are reversed.,https://www.ishares.com/us/products/239723/ishares-s-p-100-etf/latest-holdings.csv,true,2021-07-29,2026-07-28,1254,true
2021-07-29,,UNP,UNP,Union Pacific Corp,Industrials,Current,Present in the 2026-07-28 S&P 100 constituent snapshot and retained when all subsequent official S&P 100 changes are reversed.,https://www.ishares.com/us/products/239723/ishares-s-p-100-etf/latest-holdings.csv,true,2021-07-29,2026-07-28,1254,true
2021-07-29,,UPS,UPS,United Parcel Service Inc Class B,Industrials,Current,Present in the 2026-07-28 S&P 100 constituent snapshot and retained when all subsequent official S&P 100 changes are reversed.,https://www.ishares.com/us/products/239723/ishares-s-p-100-etf/latest-holdings.csv,true,2021-07-29,2026-07-28,1254,true
2021-07-29,,USB,USB,Us Bancorp,Financials,Current,Present in the 2026-07-28 S&P 100 constituent snapshot and retained when all subsequent official S&P 100 changes are reversed.,https://www.ishares.com/us/products/239723/ishares-s-p-100-etf/latest-holdings.csv,true,2021-07-29,2026-07-28,1254,true
2021-07-29,,V,V,Visa Inc Class A,Financials,Current,Present in the 2026-07-28 S&P 100 constituent snapshot and retained when all subsequent official S&P 100 changes are reversed.,https://www.ishares.com/us/products/239723/ishares-s-p-100-etf/latest-holdings.csv,true,2021-07-29,2026-07-28,1254,true
2021-07-29,,VZ,VZ,Verizon Communications Inc,Communication,Current,Present in the 2026-07-28 S&P 100 constituent snapshot and retained when all subsequent official S&P 100 changes are reversed.,https://www.ishares.com/us/products/239723/ishares-s-p-100-etf/latest-holdings.csv,true,2021-07-29,2026-07-28,1254,true
2021-07-29,2023-09-18,WBA,WBA,Walgreens Boots Alliance,Consumer Staples,Historical_Deleted,Official S&P 100 deletion announcement.,https://press.spglobal.com/2023-09-01-Blackstone-and-Airbnb-Set-to-Join-S-P-500-Others-to-Join-S-P-100%2C-S-P-MidCap-400-and-S-P-SmallCap-600,false,,,0,false
2021-07-29,,WFC,WFC,Wells Fargo,Financials,Current,Present in the 2026-07-28 S&P 100 constituent snapshot and retained when all subsequent official S&P 100 changes are reversed.,https://www.ishares.com/us/products/239723/ishares-s-p-100-etf/latest-holdings.csv,true,2021-07-29,2026-07-28,1254,true
2021-07-29,,WMT,WMT,Walmart Inc,Consumer Staples,Current,Present in the 2026-07-28 S&P 100 constituent snapshot and retained when all subsequent official S&P 100 changes are reversed.,https://www.ishares.com/us/products/239723/ishares-s-p-100-etf/latest-holdings.csv,true,2021-07-29,2026-07-28,1254,true
2021-07-29,,XOM,XOM,Exxonmobil Holdings Corp,Energy,Current,Present in the 2026-07-28 S&P 100 constituent snapshot and retained when all subsequent official S&P 100 changes are reversed.,https://www.ishares.com/us/products/239723/ishares-s-p-100-etf/latest-holdings.csv,true,2021-07-29,2026-07-28,1254,true
2022-03-21,,SCHW,SCHW,Charles Schwab Corp,Financials,Current,Official S&P 100 addition announcement.,https://press.spglobal.com/2022-03-04-Charles-Schwab-Set-to-Join-S-P-100-BellRing-Brands-to-Join-S-P-MidCap-400-Cerence-to-Join-S-P-SmallCap-600,true,2021-07-29,2026-07-28,1254,true
2022-09-19,,AMD,AMD,Advanced Micro Devices Inc,Information Technology,Current,Official S&P 100 addition announcement.,https://press.spglobal.com/2022-09-02-CoStar-Group%2C-Invitation-Homes-Set-to-Join-S-P-500-Others-to-Join-S-P-100%2C-S-P-MidCap-400%2C-and-S-P-SmallCap-600,true,2021-07-29,2026-07-28,1254,true
2023-09-18,,DE,DE,Deere,Industrials,Current,Official S&P 100 addition announcement.,https://press.spglobal.com/2023-09-01-Blackstone-and-Airbnb-Set-to-Join-S-P-500-Others-to-Join-S-P-100%2C-S-P-MidCap-400-and-S-P-SmallCap-600,true,2021-07-29,2026-07-28,1254,true
2024-03-18,,INTU,INTU,Intuit Inc,Information Technology,Current,Official S&P 100 addition announcement.,https://press.spglobal.com/2024-03-01-Super-Micro-Computer-and-Deckers-Outdoor-Set-to-Join-S-P-500-Others-to-Join-S-P-100%2C-S-P-MidCap-400-and-S-P-SmallCap-600,true,2021-07-29,2026-07-28,1254,true
2025-03-24,,ISRG,ISRG,Intuitive Surgical Inc,Health Care,Current,Official S&P 100 addition announcement.,https://press.spglobal.com/2025-03-07-DoorDash%2C-TKO-Group-Holdings%2C-Williams-Sonoma-and-Expand-Energy-Set-to-Join-S-P-500-Others-to-Join-S-P-100%2C-S-P-MidCap-400-and-S-P-SmallCap-600,true,2021-07-29,2026-07-28,1254,true
2025-03-24,,NOW,NOW,Servicenow Inc,Information Technology,Current,Official S&P 100 addition announcement.,https://press.spglobal.com/2025-03-07-DoorDash%2C-TKO-Group-Holdings%2C-Williams-Sonoma-and-Expand-Energy-Set-to-Join-S-P-500-Others-to-Join-S-P-100%2C-S-P-MidCap-400-and-S-P-SmallCap-600,true,2021-07-29,2026-07-28,1254,true
2025-03-24,,PLTR,PLTR,Palantir Technologies Inc Class A,Information Technology,Current,Official S&P 100 addition announcement.,https://press.spglobal.com/2025-03-07-DoorDash%2C-TKO-Group-Holdings%2C-Williams-Sonoma-and-Expand-Energy-Set-to-Join-S-P-500-Others-to-Join-S-P-100%2C-S-P-MidCap-400-and-S-P-SmallCap-600,true,2021-07-29,2026-07-28,1254,true
2025-09-22,,UBER,UBER,Uber Technologies Inc,Industrials,Current,Official S&P 100 addition announcement.,https://press.spglobal.com/2025-09-05-AppLovin%2C-Robinhood-Markets-and-Emcor-Group-Set-to-Join-S-P-500-Others-to-Join-S-P-100%2C-S-P-MidCap-400-and-S-P-SmallCap-600,true,2021-07-29,2026-07-28,1254,true
2026-03-23,,AMAT,AMAT,Applied Material Inc,Information Technology,Current,Official S&P 100 addition announcement.,https://press.spglobal.com/2026-03-06-Vertiv-Holdings%2C-Lumentum-Holdings%2C-Coherent%2C-and-EchoStar-Set-to-Join-S-P-500-Others-to-Join-S-P-100%2C-S-P-MidCap-400%2C-and-S-P-SmallCap-600,true,2021-07-29,2026-07-28,1254,true
2026-03-23,,GEV,GEV,Ge Vernova Inc,Industrials,Current,Official S&P 100 addition announcement.,https://press.spglobal.com/2026-03-06-Vertiv-Holdings%2C-Lumentum-Holdings%2C-Coherent%2C-and-EchoStar-Set-to-Join-S-P-500-Others-to-Join-S-P-100%2C-S-P-MidCap-400%2C-and-S-P-SmallCap-600,false,,,0,false
2026-03-23,,LRCX,LRCX,Lam Research Corp,Information Technology,Current,Official S&P 100 addition announcement.,https://press.spglobal.com/2026-03-06-Vertiv-Holdings%2C-Lumentum-Holdings%2C-Coherent%2C-and-EchoStar-Set-to-Join-S-P-500-Others-to-Join-S-P-100%2C-S-P-MidCap-400%2C-and-S-P-SmallCap-600,true,2021-07-29,2026-07-28,1254,true
2026-03-23,,MU,MU,Micron Technology Inc,Information Technology,Current,Official S&P 100 addition announcement.,https://press.spglobal.com/2026-03-06-Vertiv-Holdings%2C-Lumentum-Holdings%2C-Coherent%2C-and-EchoStar-Set-to-Join-S-P-500-Others-to-Join-S-P-100%2C-S-P-MidCap-400%2C-and-S-P-SmallCap-600,true,2021-07-29,2026-07-28,1254,true
2026-06-29,,HONA,HONA,Honeywell Aerospace Inc,Industrials,Current,Official S&P 100 addition announcement.,https://press.spglobal.com/2026-06-23-Honeywell-Aerospace-Set-to-Join-S-P-500-S-P-100-Others-to-Join-S-P-MidCap-400-and-S-P-SmallCap-600,false,,,0,false
